901114113986	MSBAI · Phase III HPCMP (CFD)	Customer Demos (aerial refueling, store separation)
901114113987	MSBAI · Phase III HPCMP (CFD)	Kestrel Knowledge Extraction
901114114004	MSBAI · Phase III HPCMP (CFD)	Kestrel Integration & Training
901114113988	MSBAI · Phase III HPCMP (CFD)	SU2 Validation & Hypersonic Cases
901114113991	MSBAI · Phase I NASA (MBE GURU)	MBE GURU NASA Phase I (paper, Phase 2 pursuit)
901114114015	MSBAI · Phase II OrbitGuard (CDAO)	OrbitGuard Space Domain Awareness & Anomaly Detection
901114113994	MSBAI · Cross-Cutting	BizDev & Proposal Research Pipeline
901114113996	MSBAI · Cross-Cutting	Project Management & ClickUp Rollout
901114113997	MSBAI · Cross-Cutting	OpenClaw Automations
901114113998	MSBAI · Cross-Cutting	Research Papers & Publications (arXiv)
901114113999	MSBAI · Cross-Cutting	GURU Gen 2 Platform & Architecture
901114114000	MSBAI · Cross-Cutting	HPC Operations (Aurora, Frontier, Carpenter, Radar, Warhawk)
901114114001	MSBAI · Cross-Cutting	TACFI Package
901114114005	MSBAI · Cross-Cutting	Hiring & Team Growth
901114145046	MSBAI · Cross-Cutting	GURU ParaView Automation
901114156835	MSBAI · Cross-Cutting	BMC3I BDA/BDI Pursuit & Team Formation
901114201431	MSBAI · Cross-Cutting	CFD Workflow Parallelization & Performance
901114201432	MSBAI · Cross-Cutting	Geometry Synthesis & Dataset Quality
901114201433	MSBAI · Cross-Cutting	Software Control & Knowledge Graph
901114327892	MSBAI · Cross-Cutting	Common Internal Language & Agent Blackboard Orchestration
901114327893	MSBAI · Cross-Cutting	SELF Orchestration, Voice & Common Internal Language
901114327894	MSBAI · Cross-Cutting	Modeling and Simulation Conference Presentation
901114327895	MSBAI · Cross-Cutting	Navy Outreach, ANTX, and Fathom Works Participation
901114327931	MSBAI · Cross-Cutting	SDA D1206 Adaptive Test Planning Proposal
901114338826	MSBAI · Cross-Cutting	Conjunction-Risk JEPA and RL Evaluation
901114392402	MSBAI · Cross-Cutting	Crucible Accelerator Cohort Recruitment & Delivery
901114418953	Goals & Workstreams	Monthly Submissions
901114114068	Tam Fortis	Tam Fortis Fundraising & Investor Outreach
901114114069	Tam Fortis	Proposals
901114114070	Tam Fortis	Tam Fortis Marketing & BizDev
901114114072	Tam Fortis	Microreactor Design Studies (INCITE / ALCC)
901114114073	Tam Fortis	Reactor Control Prototype & Digital Twin
901114114071	Tam Fortis	Microreactor SSOT (Single Source of Truth)
901114338828	Tam Fortis	Advanced Reactor Architecture Exploration
901114338829	Tam Fortis	HPC4EI Proposal with Lawrence Livermore
901114338830	Tam Fortis	Teneo Proposal
901114114076	Nexcavate	Nexcavate Opportunity Pipeline
901114114077	Nexcavate	PermitPulse (mining permitting & document ingestion)
901114114078	Nexcavate	Nexcavate Investor Readiness
901114338832	Nexcavate	Pulse Extract (mining waste recovery hardware concept)
901115524173	Tam Fortis	Liberty Materials & Liberty Station Demand Book
